{"name":"9bef2f43-ee54-4e2b-86af-80156dcc1573","id":"/providers/Microsoft.Flow/flows/9bef2f43-ee54-4e2b-86af-80156dcc1573","type":"Microsoft.Flow/flows","properties":{"apiId":"/providers/Microsoft.PowerApps/apis/shared_logicflows","displayName":"First Flow","definition":{"metadata":{"workflowEntityId":null,"processAdvisorMetadata":null,"flowclientsuspensionreason":"None","flowclientsuspensiontime":null,"flowclientsuspensionreasondetails":null,"creator":{"id":"67fc06f4-8350-4219-ad39-a84ffd51a20f","type":"User","tenantId":"286f5a6e-d5cf-443b-b1a9-fb7c40ca82aa"},"provisioningMethod":"FromDefinition","failureAlertSubscription":true,"clientLastModifiedTime":"2022-07-24T22:34:22.3207608Z"},"$schema":"https://schema.management.azure.com/providers/Microsoft.Logic/schemas/2016-06-01/workflowdefinition.json#","contentVersion":"1.0.0.0","parameters":{"$connections":{"defaultValue":{},"type":"Object"},"$authentication":{"defaultValue":{},"type":"SecureObject"}},"triggers":{"When_an_item_is_created":{"recurrence":{"frequency":"Minute","interval":5},"splitOn":"@triggerOutputs()?['body/value']","metadata":{"operationMetadataId":"9d5a0290-c6ab-4ff6-a974-68e0aec8b3c3"},"type":"OpenApiConnection","inputs":{"host":{"apiId":"/providers/Microsoft.PowerApps/apis/shared_sharepointonline","connectionName":"shared_sharepointonline","operationId":"GetOnNewItems"},"parameters":{"dataset":"https://koulallc.sharepoint.com/sites/BISD","table":"0373e1b2-db1f-47ae-a6f2-36173136fad9"},"authentication":"@parameters('$authentication')"}}},"actions":{"Condition":{"actions":{"Update_Status_to_S":{"runAfter":{},"metadata":{"operationMetadataId":"b79f29e2-355c-46a9-8414-4c7324bb7c24"},"type":"OpenApiConnection","inputs":{"host":{"apiId":"/providers/Microsoft.PowerApps/apis/shared_sharepointonline","connectionName":"shared_sharepointonline","operationId":"PatchItem"},"parameters":{"dataset":"https://koulallc.sharepoint.com/sites/BISD","table":"0373e1b2-db1f-47ae-a6f2-36173136fad9","id":"@triggerOutputs()?['body/ID']","item/Status/Value":"S"},"authentication":"@parameters('$authentication')"}}},"runAfter":{},"else":{"actions":{"Condition_2":{"actions":{"Update_item_to_S":{"runAfter":{},"metadata":{"operationMetadataId":"b79f29e2-355c-46a9-8414-4c7324bb7c24"},"type":"OpenApiConnection","inputs":{"host":{"apiId":"/providers/Microsoft.PowerApps/apis/shared_sharepointonline","connectionName":"shared_sharepointonline","operationId":"PatchItem"},"parameters":{"dataset":"https://koulallc.sharepoint.com/sites/BISD","table":"0373e1b2-db1f-47ae-a6f2-36173136fad9","id":"@triggerOutputs()?['body/ID']","item/Status/Value":"S"},"authentication":"@parameters('$authentication')"}}},"runAfter":{},"else":{"actions":{"Condition_3":{"actions":{"Update_item":{"runAfter":{},"metadata":{"operationMetadataId":"d84f2955-3300-4f1e-ab85-b8d9070e269f"},"type":"OpenApiConnection","inputs":{"host":{"apiId":"/providers/Microsoft.PowerApps/apis/shared_sharepointonline","connectionName":"shared_sharepointonline","operationId":"PatchItem"},"parameters":{"dataset":"https://koulallc.sharepoint.com/sites/BISD","table":"0373e1b2-db1f-47ae-a6f2-36173136fad9","id":"@triggerOutputs()?['body/ID']","item/Status/Value":"A"},"authentication":"@parameters('$authentication')"}}},"runAfter":{},"else":{"actions":{"Condition_4":{"actions":{"Update_item_2":{"runAfter":{},"metadata":{"operationMetadataId":"0d87242b-16f8-4560-ac73-f330305adb01"},"type":"OpenApiConnection","inputs":{"host":{"apiId":"/providers/Microsoft.PowerApps/apis/shared_sharepointonline","connectionName":"shared_sharepointonline","operationId":"PatchItem"},"parameters":{"dataset":"https://koulallc.sharepoint.com/sites/BISD","table":"0373e1b2-db1f-47ae-a6f2-36173136fad9","id":"@triggerOutputs()?['body/ID']","item/Status/Value":"B"},"authentication":"@parameters('$authentication')"}}},"runAfter":{},"else":{"actions":{"Update_item_3":{"runAfter":{},"metadata":{"operationMetadataId":"959e8b79-e74e-499b-860d-c02733ca7a94"},"type":"OpenApiConnection","inputs":{"host":{"apiId":"/providers/Microsoft.PowerApps/apis/shared_sharepointonline","connectionName":"shared_sharepointonline","operationId":"PatchItem"},"parameters":{"dataset":"https://koulallc.sharepoint.com/sites/BISD","table":"0373e1b2-db1f-47ae-a6f2-36173136fad9","id":"@triggerOutputs()?['body/ID']","item/Status/Value":"S"},"authentication":"@parameters('$authentication')"}}}},"expression":{"greater":["@float(triggerOutputs()?['body/Total_x0020_Cost'])",100]},"metadata":{"operationMetadataId":"75c43ed0-23cd-4034-accd-737d8317e6a2"},"type":"If"}}},"expression":{"greaterOrEquals":["@float(triggerOutputs()?['body/Total_x0020_Cost'])",350]},"metadata":{"operationMetadataId":"befd7e0f-5119-409b-a498-7032d4d48597"},"type":"If"}}},"expression":{"greaterOrEquals":["@float(triggerOutputs()?['body/Total_x0020_Cost'])",1000]},"metadata":{"operationMetadataId":"aaa7084e-988a-44e0-b953-5b7607272db9"},"type":"If"}}},"expression":{"equals":["@triggerOutputs()?['body/Region/Value']","East"]},"metadata":{"operationMetadataId":"1841ebd0-4342-4b69-9baf-dbe4aca54d2c"},"type":"If"}},"outputs":{}},"connectionReferences":{"shared_sharepointonline":{"connectionName":"shared-sharepointonl-ee7334eb-6d82-4d7b-b147-9eebf7ce44cd","source":"Embedded","id":"/providers/Microsoft.PowerApps/apis/shared_sharepointonline","tier":"NotSpecified"}},"flowFailureAlertSubscribed":false,"isManaged":false}}